interval, recall@10, recall@20, recall@50, precision@10, precision@20, precision@50
1, 0.16744216413157031, 0.2660462686947438, 0.43931119264185065, 0.01730489948788633, 0.01375831231369131, 0.00912634716808247
2, 0.17517592840478838, 0.27388068739562205, 0.4447925829604415, 0.018147397406969776, 0.0142062186866581, 0.00926607258959145
7, 0.1939879676415047, 0.2957590083192975, 0.4574666334915532, 0.01999693768182702, 0.015292451385701107, 0.009532996478336034
