{
   "danske film":[
      0.01072378538568666,
      0.008595198965077983,
      0.005050855064715628,
      0.0037869037482921807,
      0.0042373720373047145,
      0.006743823799246249,
      0.011665973638529724,
      0.01847249998349933,
      0.02398207367219109,
      0.02900157746404504,
      0.03315314601772832,
      0.03714300800612505,
      0.04230771769333835,
      0.04512933225088939,
      0.04940465582902666,
      0.0520695140222693,
      0.058300166986779665,
      0.07038855777544568,
      0.09110019866806593,
      0.10880706756694322,
      0.11004626787847586,
      0.09356209862120402,
      0.05536634787372367,
      0.030961857051396285
   ],
   "kortfilm":[
      0.0029433406916850625,
      0.002207505518763797,
      0.0014716703458425313,
      0.0007358351729212656,
      0.0007358351729212656,
      0.0029433406916850625,
      0.021339220014716703,
      0.051140544518027964,
      0.04341427520235467,
      0.051140544518027964,
      0.04341427520235467,
      0.04856512141280353,
      0.04083885209713024,
      0.03642384105960265,
      0.056291390728476824,
      0.06769683590875644,
      0.10706401766004416,
      0.09492273730684327,
      0.09455481972038264,
      0.09381898454746136,
      0.06033848417954378,
      0.042678440029433405,
      0.023914643119941133,
      0.011405445180279618
   ],
   "gyser":[
      0.020530079932688263,
      0.013822946090510248,
      0.007368231263898071,
      0.004832021155117495,
      0.004146883827153074,
      0.004495462467696376,
      0.006586934310956187,
      0.010613618606887433,
      0.014195564637297915,
      0.019472324057936172,
      0.024232225494320574,
      0.028980106977582788,
      0.03354768916401226,
      0.036877216178856906,
      0.040038463849990984,
      0.04287517278682613,
      0.04550754252058417,
      0.056349540236793075,
      0.08032934671554781,
      0.1080473586153014,
      0.1321353446721558,
      0.1286976380792115,
      0.08514934791754313,
      0.05116894044113228
   ],
   "krimi":[
      0.01177435482602492,
      0.007167975552484636,
      0.004527733773748132,
      0.003201995348680441,
      0.003067174491893896,
      0.004246856988776164,
      0.00597705798420349,
      0.009459930117855899,
      0.013605671464042153,
      0.017537946453649714,
      0.019762490590627704,
      0.0229869560821059,
      0.02727875335647758,
      0.028941543923511635,
      0.03194130798701226,
      0.034929836979114004,
      0.04118777174828946,
      0.05679328592133203,
      0.0913186603300864,
      0.13156268608087004,
      0.17103149190513106,
      0.14834788275079488,
      0.07770175379464536,
      0.03564888154864224
   ],
   "børnefilm":[
      0.00391685995878351,
      0.002823933156855475,
      0.0015326843316978951,
      0.0014292119717520457,
      0.00352021591232442,
      0.009178860596863063,
      0.022028834297638245,
      0.034126477714640474,
      0.038491717899856004,
      0.040190389142300366,
      0.04077888818949238,
      0.04235253033033551,
      0.04605382287256517,
      0.051759892388745656,
      0.060154087589352694,
      0.06819690790097695,
      0.07984832676571271,
      0.08725953454683417,
      0.09746449604649358,
      0.10046950583325429,
      0.07977934519241547,
      0.05141929587059057,
      0.025169651556827884,
      0.012054529933691462
   ],
   "eventyr":[
      0.01184234769936852,
      0.008324818679754108,
      0.004154034270782734,
      0.0028475234920688096,
      0.0031825262558416107,
      0.004355035929046415,
      0.009145575450997472,
      0.015694879482755733,
      0.02048541900470679,
      0.025510460461298807,
      0.03165776117652971,
      0.031942513525736585,
      0.0361300480728966,
      0.04150684243145006,
      0.049128155307281283,
      0.05460545049496658,
      0.06045124872280196,
      0.0708363343997588,
      0.09277901542687728,
      0.11941173514681497,
      0.12408502370144554,
      0.09902681697124001,
      0.05189192810840689,
      0.031004505787172745
   ],
   "dokumentar":[
      0.01895699085868425,
      0.013412258354563165,
      0.010564963284879365,
      0.004795444327888506,
      0.0037464408811628954,
      0.004196013786902443,
      0.006893451221339727,
      0.010490034467256106,
      0.016634197512363256,
      0.024202008092312304,
      0.02689944552674959,
      0.02824816424396823,
      0.037764124082121986,
      0.03896298516409411,
      0.042334781957140716,
      0.05207552824816424,
      0.04922823317848044,
      0.056271542035066686,
      0.07223138018882062,
      0.09845646635696088,
      0.12393226434886857,
      0.12153454218492432,
      0.08504420800239772,
      0.05312453169488986
   ],
   "unknown":[
      0.008951547007817359,
      0.0058172859982682295,
      0.003280607827115626,
      0.0036098881666402427,
      0.005097747478566289,
      0.007414905423369147,
      0.012768759832676805,
      0.02014707855165433,
      0.024793590009390586,
      0.02733026818054319,
      0.029159603400124395,
      0.03429393758308231,
      0.03801358586289742,
      0.04506262424235033,
      0.05168481773723429,
      0.056819151920192205,
      0.06600241472248984,
      0.09260094881520056,
      0.1279680963937705,
      0.12429723038647755,
      0.09666207300267082,
      0.06424625291169189,
      0.03506225837530642,
      0.018915326170469652
   ],
   "populære film":[
      0.009595410030665743,
      0.006034226926501137,
      0.0033633395983776833,
      0.0011870610347215352,
      0.002967652586803838,
      0.0034622613512711444,
      0.005935305173607676,
      0.009496488277772282,
      0.011474923335641507,
      0.016519932733208034,
      0.019685428825798792,
      0.02423582945889801,
      0.026214264516767238,
      0.029082995350677612,
      0.03343555247798991,
      0.03986546641606489,
      0.03739242259372836,
      0.050845780987239096,
      0.08358888119497478,
      0.13166485310119697,
      0.20041547136215254,
      0.1491740033633396,
      0.07557621921060441,
      0.02878623009199723
   ],
   "mr_vodstore_2_1":[
      0.005865102639296188,
      0.0,
      0.005865102639296188,
      0.008797653958944282,
      0.005865102639296188,
      0.020527859237536656,
      0.008797653958944282,
      0.02346041055718475,
      0.020527859237536656,
      0.02932551319648094,
      0.03812316715542522,
      0.011730205278592375,
      0.04105571847507331,
      0.04985337243401759,
      0.05571847507331378,
      0.04105571847507331,
      0.04985337243401759,
      0.08797653958944282,
      0.1466275659824047,
      0.15835777126099707,
      0.10557184750733138,
      0.04105571847507331,
      0.02932551319648094,
      0.01466275659824047
   ],
   "animation":[
      0.0032682284421197113,
      0.002151614638398902,
      0.001075807319199451,
      0.00124645261810695,
      0.003264518761708679,
      0.009348394635802126,
      0.02322259937306401,
      0.036466158440450355,
      0.04028341958340289,
      0.041066162150130765,
      0.04095116205738875,
      0.0422532598816612,
      0.0453953591898058,
      0.05159052547623022,
      0.059098918628160184,
      0.06836940997533063,
      0.0822658727950587,
      0.08896184593697253,
      0.09983862890212009,
      0.10013911301541373,
      0.0778142563018196,
      0.048441006807263556,
      0.023092760558677868,
      0.010394524511713316
   ],