Model,K,Value
10, 10, 0.11809149058873507
10, 20, 0.19559071735379904
10, 50, 0.34780468685834587
40, 10, 0.14546553163219608
40, 20, 0.23621379285292846
40, 50, 0.4022641725785127
100, 10, 0.157819953478631
100, 20, 0.2529336200695389
100, 50, 0.42488552632142723
