Model,K,Value
Genre Baseline, 10, 0.0027363754490560346
Genre Baseline, 20, 0.0024344569288388945
Genre Baseline, 50, 0.003244668653978454
Personalised Genre, 10, 0.01266146908201508
Personalised Genre, 20, 0.01012382481082417
Personalised Genre, 50, 0.0066804249789809336
Frequency, 10, 0.004077810899640688
Frequency, 20, 0.004794389665978561
Frequency, 50, 0.003253076511503486
LDA, 10, 0.016926545899259782
LDA, 20, 0.013504165711230035
LDA, 50, 0.00911717495987334
