Model,K,Value
Genre Baseline,10,0.013380010475395002
Genre Baseline,20,0.014186462088294103
Genre Baseline,50,0.014323104415062984
Personalised Genre,10,0.05526542810490208
Personalised Genre,20,0.04546361339622346
Personalised Genre,50,0.032117262840045575
Frequency,10,0.02465954955786555
Frequency,20,0.02210886711649733
Frequency,50,0.018748498012742466
LDA,10,0.08560788119673202
LDA,20,0.06874518593834943
LDA,50,0.04621684074317095
