Model,K,Value
Genre Baseline,10,0.024231241281165904
Genre Baseline,20,0.0520146012614127
Genre Baseline,50,0.13107249065785148
Personalised Genre,10,0.1021652082684283
Personalised Genre,20,0.16522447429315099
Personalised Genre,50,0.2836031498460717
Frequency,10,0.045304705851321
Frequency,20,0.08222388934466225
Frequency,50,0.1728296473799081
LDA,10,0.15782481561634265
LDA,20,0.24850707083372364
LDA,50,0.4055379145556716
