Model,K,Value
Genre Baseline, 10, 0.02468630720647766
Genre Baseline, 20, 0.05297430184398795
Genre Baseline, 50, 0.13320223449016394
Personalised Genre, 10, 0.10397630372757262
Personalised Genre, 20, 0.16544945865636423
Personalised Genre, 50, 0.2757338849610023
Frequency, 10, 0.04763603727248128
Frequency, 20, 0.08471325365560174
Frequency, 50, 0.17278276206187915
LDA, 10, 0.152959307627251
LDA, 20, 0.23796164019280827
LDA, 50, 0.38611444113928295
