Model,K,Value
Genre Baseline,10,0.028383331417697923
Genre Baseline,20,0.04882316130927295
Genre Baseline,50,0.15768233656437178
Personalised Genre,10,0.12394959324674665
Personalised Genre,20,0.19530701250271382
Personalised Genre,50,0.3215818678722398
Frequency,10,0.03906299886338965
Frequency,20,0.09233681978979093
Frequency,50,0.15632542814451558
LDA,10,0.18081203785295588
LDA,20,0.2851420124388591
LDA,50,0.4599574728937589
