Model,K,Value
Genre Baseline,10,0.02308486263818456
Genre Baseline,20,0.049218798907297585
Genre Baseline,50,0.12476136644455177
Personalised Genre,10,0.10289447098300475
Personalised Genre,20,0.1689393116100391
Personalised Genre,50,0.29586199165923693
Frequency,10,0.04268733806426925
Frequency,20,0.07817847410068222
Frequency,50,0.16544932762018003
LDA,10,0.14546553163219608
LDA,20,0.23621379285292846
LDA,50,0.4022641725785127
