Type,Model,Value,Percent
Recall,1*1,0.16744216413157031,0.0
Precision,1*1,0.01730489948788633,0.0
Recall,1*2,0.18160488153594775,0.0845827422
Precision,1*2,0.01871170343137415,0.0812951236
Recall,1*3,0.19446892200809682,0.1614095113
Precision,1*3,0.020079690433318628,0.1603471287
Recall,2*1,0.17517592840478838,0.0461876751
Precision,2*1,0.018147397406969776,0.0486855136
Recall,7*1,0.1939879676415047,0.1585371501
Precision,7*1,0.01999693768182702,0.155565087
