Model,K,Value
Frequency, 10,0.04763603727248128
Frequency, 20, 0.08471325365560174
Frequency, 50, 0.17278276206187915
Personalised Genre, 10, 0.10397630372757262
Personalised Genre, 20, 0.16544945865636423
Personalised Genre, 50, 0.2757338849610023
LDA 10 topics, 10, 0.12373954579187893
LDA 10 topics, 20, 0.20122276270695386
LDA 10 topics, 50, 0.3467353352162765
LDA 40 topics, 10, 0.152959307627251
LDA 40 topics, 20, 0.23796164019280827
LDA 40 topics, 50, 0.38611444113928295
