{
   "Monday":{
      "20":0.11790314840066121,
      "21":0.0997425213105513,
      "22":0.06057986029114898,
      "23":0.03441682600382409,
      "1":0.00912601982128846,
      "0":0.011978853229529301,
      "3":0.004067858584781333,
      "2":0.005507606286136525,
      "5":0.006501717794215109,
      "4":0.004597289617819354,
      "7":0.017688328902363777,
      "6":0.011735086422950645,
      "9":0.027229514066106512,
      "8":0.023512070265781997,
      "11":0.03404736693760332,
      "10":0.0319448782308624,
      "13":0.039661621201618,
      "12":0.038633229986364294,
      "15":0.04983507651992413,
      "14":0.043127680482658276,
      "17":0.07156841086895249,
      "16":0.056812901358238174,
      "19":0.10977124008745134,
      "18":0.09001089332916898
   },
   "Tuesday":{
      "20":0.1171584751177264,
      "21":0.09860959457495107,
      "22":0.05593060480776707,
      "23":0.03222305983847904,
      "1":0.009235564359916569,
      "0":0.012835811813544368,
      "3":0.0035833448834229733,
      "2":0.005283743446028403,
      "5":0.006706939857274697,
      "4":0.004070138905321943,
      "7":0.01765304432191959,
      "6":0.011405854374216142,
      "9":0.027591755602356896,
      "8":0.02302806164705405,
      "11":0.03423108517881229,
      "10":0.032246723436765795,
      "13":0.04133692569292086,
      "12":0.039088883855679095,
      "15":0.05128915902952203,
      "14":0.045322551747218685,
      "17":0.07044653209967107,
      "16":0.05858768884396561,
      "19":0.10920750609337655,
      "18":0.09292695047208878
   },
   "Wednesday":{
      "20":0.12553345533528099,
      "21":0.10090992108681178,
      "22":0.06476047719012294,
      "23":0.036884366165925074,
      "1":0.008793599627445345,
      "0":0.011678715268555878,
      "3":0.0038055875921836286,
      "2":0.005122626510319837,
      "5":0.006708894378572286,
      "4":0.004529595174252981,
      "7":0.017347076137219447,
      "6":0.011540462564442132,
      "9":0.025689535361767307,
      "8":0.021880309540528053,
      "11":0.03123419644253963,
      "10":0.02860375683532284,
      "13":0.036273143684580095,
      "12":0.03433032936887641,
      "15":0.04559064829603542,
      "14":0.04184327236874179,
      "17":0.0688789524810903,
      "16":0.0563197857810732,
      "19":0.11640150040566254,
      "18":0.09533979240265009
   },
   "Thursday":{
      "20":0.12325151246580093,
      "21":0.10799198489460907,
      "22":0.05947747678316828,
      "23":0.035066086085314634,
      "1":0.009425455666448307,
      "0":0.011529420831567183,
      "3":0.00401140611151786,
      "2":0.005325420985703827,
      "5":0.006616315363569805,
      "4":0.004597125351624215,
      "7":0.016800893992524372,
      "6":0.011344456861007282,
      "9":0.027366960810758737,
      "8":0.022407614350121383,
      "11":0.03304304265731571,
      "10":0.030260876266810528,
      "13":0.037906053716619786,
      "12":0.036164309660514045,
      "15":0.046645601325575124,
      "14":0.04297329582675041,
      "17":0.06926900697468305,
      "16":0.055231012292397214,
      "19":0.11174906554660707,
      "18":0.09154560517899117
   },
   "Friday":{
      "20":0.1396886168652693,
      "21":0.1215570912986591,
      "22":0.0719237084976159,
      "23":0.03796836993651156,
      "1":0.007279656477489265,
      "0":0.009747187804599619,
      "3":0.003106806347087698,
      "2":0.00431861888495684,
      "5":0.005567312673978521,
      "4":0.0032912126028503937,
      "7":0.015769369242792788,
      "6":0.009690987802843368,
      "9":0.022952431967263497,
      "8":0.019580431861888497,
      "11":0.028365194636412332,
      "10":0.025897663309301978,
      "13":0.03640003863750121,
      "12":0.032195576006111754,
      "15":0.0439835263744852,
      "14":0.040402532512579144,
      "17":0.06147402067106315,
      "16":0.04887643902738872,
      "19":0.12237023507406984,
      "18":0.08759297148728036
   },
   "Saturday":{
      "20":0.1471282008260833,
      "21":0.1393337050872717,
      "22":0.07549483574562162,
      "23":0.04202464432524193,
      "1":0.006296787947276738,
      "0":0.008221354796366024,
      "3":0.0031212526462794177,
      "2":0.003940427253840498,
      "5":0.004804014942534408,
      "4":0.0032421549226965647,
      "7":0.012591108501157208,
      "6":0.00856185508505105,
      "9":0.01853259179937131,
      "8":0.015786382949324676,
      "11":0.021979540373958145,
      "10":0.020602734858840423,
      "13":0.029633394689182455,
      "12":0.026921729346683576,
      "15":0.03953751178180347,
      "14":0.033756409054346806,
      "17":0.06521074006997528,
      "16":0.04957980290461551,
      "19":0.13018954516070133,
      "18":0.09350927493177658
   },
   "Sunday":{
      "20":0.10198240220502491,
      "21":0.08371713174003008,
      "22":0.044127982535700126,
      "23":0.02270987196249573,
      "1":0.010404764989732656,
      "0":0.015084946071906741,
      "3":0.0037457153963037565,
      "2":0.005408514631455371,
      "5":0.006498070210568885,
      "4":0.004067674162023785,
      "7":0.01878943504089269,
      "6":0.01184768994585596,
      "9":0.030048176025065668,
      "8":0.025026404545115455,
      "11":0.04162494944854746,
      "10":0.0358826970721384,
      "13":0.054925380166554766,
      "12":0.04738094396739578,
      "15":0.06377728306064996,
      "14":0.060141504803860366,
      "17":0.06855169597669333,
      "16":0.06396574672838852,
      "19":0.09722958408424326,
      "18":0.08306143522935636
   }
}
